{
  "DIM": [
    2560,
    1920
  ],
  "K": [
    [
      1252.787177684784,
      0.0,
      1164.3064605317322
    ],
    [
      0.0,
      1254.054734555372,
      933.2942611585387
    ],
    [
      0.0,
      0.0,
      1.0
    ]
  ],
  "D": [
    [
      -0.02257595566500567
    ],
    [
      0.020662746304369792
    ],
    [
      -0.026399083393141023
    ],
    [
      0.009161909842152588
    ]
  ]
}