{
  "DIM": [
    2560,
    1920
  ],
  "K": [
    [
      1294.1985764475244,
      0.0,
      1185.4176986150514
    ],
    [
      0.0,
      1291.9078644844844,
      954.6252016942924
    ],
    [
      0.0,
      0.0,
      1.0
    ]
  ],
  "D": [
    [
      -0.020041895069903105
    ],
    [
      -0.02139555646739229
    ],
    [
      0.01753363612457907
    ],
    [
      -0.0034039271985424357
    ]
  ]
}