{
    "DIM": [
        640,
        480
    ],
    "mtx": [
        [
            316.61067568304173,
            0.0,
            289.56861389042285
        ],
        [
            0.0,
            317.1139022644581,
            239.50704648991456
        ],
        [
            0.0,
            0.0,
            1.0
        ]
    ],
    "dist": [
        [
            -0.011172073209212496
        ],
        [
            -0.024283854306244367
        ],
        [
            0.02960897233900916
        ],
        [
            -0.012594193537252022
        ]
    ]
}