{
    "DIM": [
        720,
        480
    ],
    "mtx": [
        [
            422.73587939089856,
            0.0,
            309.613806586509
        ],
        [
            0.0,
            422.9198541243814,
            309.1399724216387
        ],
        [
            0.0,
            0.0,
            1.0
        ]
    ],
    "dist": [
        [
            -0.022899014185270072
        ],
        [
            0.006048430452524014
        ],
        [
            -0.0008679410723431764
        ],
        [
            -0.0033482348377602664
        ]
    ]
}